epoch,train_loss,train_mae,val_loss,val_mae
0,0.6197387033022377,0.5311566714486875,0.06572916652523648,0.17775492544150884
1,0.07449617118027642,0.1819697475489981,0.06293352827883039,0.18217441399967715
2,0.05369732385576479,0.15256597948126926,0.04292225790964333,0.15629636924885848
3,0.04886891308844514,0.14703441428195674,0.03043181597498498,0.1167947826284808
4,0.04868548400738015,0.14862849634402397,0.0392444506328045,0.13652533825359417
5,0.0387179002767504,0.13058625078217476,0.03723368085394697,0.13774108193867365
6,0.03477141547987309,0.12217240607410841,0.03153140818126528,0.11823291562614979
7,0.0318596552290126,0.11513526787748166,0.02619767115369949,0.11356149568935246
8,0.027930187830631312,0.10723471866549578,0.01840470143730941,0.0888245774919672
9,0.030434750074860118,0.11326801062419045,0.021201727682161046,0.097928675262906
10,0.027429479337068262,0.10460971725626157,0.02394731255781385,0.10919541519970949
11,0.035602781074048906,0.12362892616794277,0.03275237190762271,0.1280211803626263
12,0.03277341939551894,0.11859284021266242,0.022854147113693726,0.10027755447246017
13,0.029179476308982412,0.10901593494039089,0.022092661399966927,0.1064008089356096
14,0.0271888417964482,0.10552872666311054,0.029156618331200333,0.12138183484140264
15,0.026135026429557662,0.10378660586250811,0.021813341336995605,0.10113131367418832
16,0.024429039931045494,0.09750503103915902,0.01776929881518817,0.08175522991492008
17,0.02542279257771218,0.10143064856933746,0.019862075964072877,0.09065785332259635
18,0.024063781945747178,0.09775553761770008,0.01537369229208065,0.07396290959190377
19,0.023595703191218394,0.09797843453143466,0.02002930459563885,0.09460305346865035
20,0.021813118675471484,0.09090718631526758,0.022103966598736403,0.09604778463736233
21,0.025162726098088176,0.10171833982508507,0.018878270024084674,0.08568142581526705
22,0.023574036155129877,0.09781454338698133,0.02246564742236407,0.1040299197073089
23,0.026163951161658518,0.10515375603224246,0.018167598732018165,0.08781581201642703
24,0.02451393431230171,0.10023874755851446,0.015747959257621017,0.07940125219738399
25,0.023429056082185058,0.09623059885235694,0.02071668304369412,0.09171218830547793
26,0.022091066931549132,0.09366325390391485,0.02281648690555809,0.10510387728552271
27,0.02097495135569627,0.09034282654463173,0.016416552144222645,0.0745235636976023
28,0.021934061273262487,0.09301642764108158,0.018933064400915023,0.0880955140481236
29,0.023719967799567757,0.09867532236023115,0.018519925905137624,0.08696697732875815
30,0.02286181835382469,0.09473860524986653,0.01665184946375606,0.08476204380174489
31,0.02196811531200464,0.09425168212163153,0.016048080650588728,0.07900543026079761
32,0.02007747121429571,0.08765534122171424,0.01771100762409969,0.07756733461316029
33,0.023707427258891172,0.09923279294785217,0.023306427874573543,0.10959849941672221
34,0.02200976517879441,0.09376863915312683,0.029113795482824188,0.1255198449446804
35,0.021233809374280408,0.09181766422079263,0.01768247687876516,0.08452757080892452
36,0.0207488095434588,0.09077265423801255,0.01787550668477494,0.08258949264293129
37,0.020586261563040987,0.09066419246785715,0.021392871138560324,0.09985854794382078
38,0.020425254854487086,0.09013038911848179,0.017144246612681054,0.08316732714805572
39,0.019442888252970563,0.08842031988636048,0.020645552606204,0.09335403407821184
40,0.019040696991308587,0.08724759229369433,0.01748678726505838,0.08052394431466839
41,0.019949489972807915,0.09048948378574254,0.018065931956399595,0.08930631027248875
42,0.021472305185210514,0.09380311558600155,0.017430031474321546,0.07910912870421868
43,0.020003523475648207,0.08977371269933725,0.016189182857086905,0.08008755329492492
44,0.02183019853578479,0.0961006667590117,0.017542295796328235,0.08295788488460584
45,0.019777439763465493,0.09210500589590538,0.019611856552616918,0.0817774908049543
46,0.02194494343181667,0.09693496030368844,0.016657756934916758,0.08205495019975012
47,0.02364881982799957,0.09850313138276147,0.02089025597616682,0.10242350446844412
48,0.020237733024065986,0.08678352264456722,0.018893080487309075,0.08455131449804948
49,0.01856410760978571,0.08703844582211336,0.0298859592302541,0.11761878907583383
50,0.022127725325542504,0.09666326740130271,0.016503755599897738,0.0801731091456074
51,0.0213241788691708,0.09367878393253957,0.01949061690700695,0.089436135923066
52,0.019208027407006164,0.09031189611282113,0.013240535579629885,0.06614547813718957
53,0.019975973033097526,0.08903913076525831,0.016742888597254518,0.08137947965629848
54,0.022700932425515387,0.09709379564645859,0.014964567500407899,0.07419748833764189
55,0.01841389465240258,0.08604622287925397,0.013906366855770123,0.07063098346115389
56,0.01805131390790667,0.0825649269044015,0.012495103726211059,0.061375176917512674
57,0.018218628175096528,0.08745748474359674,0.01456056708102719,0.07264363537059408
58,0.021919082487738353,0.10115041688949244,0.02213865769131636,0.09480629754108556
59,0.019423011615480514,0.08853801344668295,0.016699321963103454,0.0832160403916591
60,0.019311470190056166,0.08733306289437184,0.012046270285688021,0.062089298175428305
61,0.01665504207922456,0.08232453583275459,0.015585605797217728,0.07624822941602151
62,0.016993353697956418,0.0834376912072306,0.016092310423342058,0.0731764509262176
63,0.018319245840574185,0.09155077188145237,0.015853673149869536,0.08190396198236961
64,0.019248958423286222,0.0935274880438851,0.024229211478794095,0.11125436447063003
65,0.02073072646480669,0.09189272462603679,0.017439015630565862,0.09219759094818722
66,0.018170249432547844,0.08894043401879782,0.01550497590386628,0.081620074035615
67,0.013874875749756835,0.08061063467627022,0.03129300233108204,0.11766423327501283
68,0.01759983197867132,0.08546075912291695,0.014883407225173688,0.07847969062800383
69,0.016910508608279296,0.08935094442475154,0.01652116563559663,0.07918001746173012
70,0.017256824278519503,0.0827394744294718,0.020180142250383504,0.09092322622042905
71,0.019931572483119962,0.09055843532924779,0.01636799022460246,0.08057390742655489
72,0.01876465426577798,0.08896102107275046,0.0148002884688644,0.072842720877794
73,0.017882175842495362,0.08812844246615788,0.01394429856113025,0.0703906672746186
74,0.012016995776789772,0.07496173824441202,0.01632572386144685,0.08267675661914443
75,0.015142198643180367,0.08968753222544233,0.01652733846438572,0.08099194373257583
76,0.015040254693454328,0.0868285626127512,0.013089629095796413,0.06031364441881162
77,0.009880881288196622,0.07235281171437073,0.01419883778638478,0.06866163870705204
78,0.011680380879889657,0.08090540073991509,0.013528933768332134,0.06241576361840734
79,0.011084092024228342,0.07717054942764992,0.013333252886343608,0.06577021301011234
80,0.010470522066415832,0.07557540257471798,0.012518635827042305,0.06231478043608792
81,0.012515372541376928,0.07845355091982467,0.051074740371177665,0.158401231041167
82,0.013414308203439269,0.08219600173581201,0.01553279455874615,0.07157301506769198
83,0.012345121363933193,0.07609407708660643,0.013543723865388399,0.05959205672606251
84,0.010298651845668751,0.0729052954971851,0.014996317817512364,0.0714845096592279
85,0.009853816530526615,0.07496036709993219,0.011353149670158501,0.05482065688165098
86,0.009098148108360462,0.06956546017435554,0.01978629915775212,0.09081450981704649
87,0.009502571414458346,0.07262274635052494,0.012623915485966909,0.06173079959655637
88,0.009337434604571843,0.0682723473012953,0.017340115954444856,0.0805531707852836
89,0.011104427257026248,0.07731346377719246,0.012839081882823426,0.06197259508757278
90,0.009095280120085418,0.06905263952069013,0.011961227424021876,0.059232113853558324
91,0.009538793601860454,0.07027025767300224,0.01490143261392566,0.07873108141257801
92,0.009154561498434029,0.07052413369634818,0.012162921474189263,0.06065505843595407
93,0.013306767507833892,0.08267844519930287,0.012284489856432924,0.06176990387573766
94,0.00971566013862895,0.07381599742576636,0.0153781491403085,0.08230369299294053
95,0.008646236693889186,0.06925041187070449,0.013520619190525161,0.06686668007724121
96,0.008513742002485048,0.06931913381901926,0.011631770474033907,0.0556853543956891
97,0.009145069771617257,0.07124740363664048,0.01300818972402879,0.06515498900870018
98,0.009559325017900914,0.06950078815130771,0.014286367928367441,0.07104818018265614
99,0.011605730267639155,0.07511548444118021,0.015843220582228843,0.07751378491075708
100,0.013318959896935925,0.07566445306686777,0.0661914131195891,0.1741281320047016
101,0.021137408209976644,0.0934535646194881,0.021369373562428563,0.09331504997353655
102,0.016746080742183787,0.07929095967436063,0.02348490035194764,0.10153722284702682
103,0.014592931903254027,0.07952101720281483,0.013611844756996127,0.07028449425703479
104,0.015602637628743738,0.0848533410590343,0.015104736522698066,0.07018486607469727
105,0.01615868694479835,0.08205756611052634,0.013168304961322442,0.06334342592229408
106,0.010712981802699906,0.07325729530798931,0.013003356289118528,0.06427070029415817
107,0.009852753287389202,0.06684544562413647,0.02081537043846767,0.10583200211404524
108,0.008847493832077025,0.06641348229906378,0.012939686288511798,0.0631392431657383
109,0.011371591420573049,0.07267703518175375,0.013023778316623035,0.06421972712879269
110,0.02069483634415024,0.07598870592953433,0.03842111170648039,0.1343156197905087
111,0.019803349337940968,0.08593676023597348,0.013524282914887362,0.06830444626433249
112,0.01488488937200663,0.0756066357625271,0.01613744307564352,0.07864121636218963
113,0.012788760996305784,0.06888248953838084,0.014376797876991068,0.06880938164821013
114,0.011476539080430986,0.06479281717219271,0.012823363303701105,0.060241924848717106
115,0.011574817867838996,0.06797362015303572,0.016387544299937717,0.07572038359596055
116,0.011610716115683317,0.07167030003997565,0.012680017254540432,0.0622851436999199
117,0.010960333706469132,0.0656341752830626,0.012674769785534439,0.06211021094340659
118,0.012426321015986834,0.07188904581482143,0.01315299557377258,0.06551285895849297
119,0.012814414860635824,0.06883966018173061,0.012108384170212835,0.05791521863177184
120,0.012058198844339582,0.0682479750262627,0.012442221195274628,0.06398106972640911
121,0.01252877788142907,0.07125794958079269,0.010607077918707969,0.05320516133570658
122,0.010249067731846338,0.06583502650523858,0.02192583206549311,0.10599757054702282
123,0.008967401858161304,0.06501044186851636,0.013244252506742686,0.06529377080350386
124,0.0077643561809635645,0.06099990255496119,0.012372394680717857,0.06693567394692246
125,0.007517589165152515,0.06508150802812092,0.010514675482241503,0.050655222670385074
126,0.007423880253420731,0.06370696146072757,0.010975777535531863,0.057045525728053596
127,0.009058328376230312,0.06407751003169673,0.011393340991224157,0.054338717658127346
128,0.008416253343524116,0.06505079327254203,0.012111376801916459,0.060582270087964636
129,0.008675430544715566,0.06062359222778839,0.010642344844722306,0.05051411248415725
130,0.007423400039230621,0.05779089740738854,0.01198055622527565,0.057198322325993464
131,0.006433051478491877,0.05944144101715468,0.012382338439670352,0.05630730498847205
132,0.00588616398284809,0.056467982040023575,0.011175292034141238,0.05244096666412597
133,0.006067381546338676,0.057246378176407285,0.01095624734652125,0.05496018391460714
134,0.006316396519655509,0.058855564112597736,0.010813478484146787,0.05208289208844717
135,0.00536050769798445,0.05377551101079867,0.01141050371234161,0.05174743698779362
136,0.0062189434231854634,0.059383270998485706,0.01260544030862875,0.06184831700737486
137,0.00548020843819383,0.05377741496786247,0.01259325070651668,0.05813224253076241
138,0.006569851196804288,0.057485855064090326,0.01257801700903468,0.06128434486796453
139,0.0076210340445473776,0.056337603943344694,0.013116966514144495,0.06704212975268906
140,0.007732182849087339,0.060341801417250124,0.011726375497748093,0.05417607246914809
141,0.007105155804829402,0.062044070584210936,0.012194341348078444,0.05781535961903482
142,0.006008019199968396,0.05801304746551921,0.011090290541712565,0.0546647166931422
143,0.0054610156702856755,0.054477028781311124,0.013355386019003967,0.06755380236960053
144,0.007190135272926407,0.060348738772427385,0.011710883811265959,0.0604192326406886
145,0.005290946843400269,0.05344984866994739,0.011361272033811879,0.058805685267783195
146,0.004874534765906281,0.050463861890433,0.013550806229064996,0.06636892232410549
147,0.007392065618996211,0.05917177868113908,0.01421253256538214,0.07811782913386725
148,0.010319029265451541,0.06672525152558992,0.013536015196639127,0.06406124374874256
149,0.00847135334091421,0.06477639433546394,0.011617645926723971,0.05689319142831984
150,0.007377416541098962,0.06009326055822916,0.012224193984143828,0.056288220706693766
151,0.0061070015326883074,0.05605259671564583,0.011537729286209825,0.05472070403247343
152,0.0069720289724603075,0.059610081302500756,0.01200276226845369,0.06108245112726314
153,0.006811942650630317,0.0552670151212679,0.01342204764752463,0.06597671000563146
154,0.005710764601005005,0.055539325526863345,0.014642410893155093,0.0736563603683602
155,0.0057035834143904654,0.05467984242624536,0.01325040951316558,0.07054883150797639
156,0.005628355965049875,0.054806677395149855,0.011156922000516479,0.05461343112748191
157,0.005020438296379712,0.05189555174249853,0.012250366039464876,0.06532437706013078
158,0.004313261079572553,0.047914558488775766,0.010613805786410567,0.05209607667189004
159,0.0048254966655411746,0.04988052969919167,0.01209209379216475,0.06154922058422367
160,0.005540693473781282,0.05352188294616278,0.012373618348534504,0.06153295756535709
161,0.004974585760389222,0.05001573005459209,0.01517987899312275,0.07426589816436374
162,0.010863825800810622,0.07025016777275536,0.011013232890641978,0.05768569911152756
163,0.0069656547073314035,0.056748131649713415,0.014254121142472426,0.07166960508456896
164,0.007813925717707343,0.061903063204072475,0.01333788210108253,0.07097664302430484
165,0.0057073417307716085,0.052790155044583335,0.01196352511670669,0.06329249802294923
166,0.007168661514003225,0.05550191562570957,0.015064514766708786,0.08468852175165945
167,0.00549485042364462,0.05374657694903883,0.011304187084032686,0.05553041121303744
168,0.004373639381389836,0.048877756834070606,0.009941285467994465,0.045683716518408836
169,0.004257614284116695,0.04804475760845196,0.010952063417289808,0.05581590087880977
170,0.004126038347725817,0.04728163009200373,0.010502529870324132,0.050523270490148806
171,0.003976906091749066,0.04705097026488398,0.01087562134502064,0.05648786823696769
172,0.003921154744510388,0.046594467938128346,0.010517555949900913,0.05586777718121561
173,0.004061188369933775,0.047751868512161635,0.011296729023008325,0.06025393600213923
174,0.004159071347143717,0.048155310732815926,0.01237606005576206,0.06028534585305493
175,0.004093350152477804,0.047026860466701605,0.01018372656006542,0.05079820628304769
176,0.003956497403845813,0.0458512001882317,0.009884293956276371,0.04929848502773037
177,0.0038936242207121274,0.0455609981588764,0.010324996059617793,0.048201019208451316
178,0.003547564196464497,0.04317975668208171,0.0116691980098659,0.06053783789495616
179,0.003793559349538625,0.04507392045574387,0.010628645822288452,0.054408032762767955
180,0.005237652507380237,0.05281448097280781,0.011385716027051558,0.0548162341000495
181,0.004884012151161265,0.04813569998681485,0.011154589922881156,0.058636432381054426
182,0.0045940527736838535,0.04690864902150239,0.010465000643653391,0.05040214233412035
183,0.004797357175683126,0.05022640577869816,0.010205977492637443,0.0480515956028786
184,0.004240107477503861,0.04740553199587574,0.009641994633152878,0.046398154504916904
185,0.003562679952140082,0.04232516204088188,0.010784248191871392,0.0547614766123954
186,0.003225154295000543,0.04132615721398667,0.011940677359139689,0.06451743898234376
187,0.004584064945600065,0.04818240587271227,0.010515809445128468,0.04982867743061134
188,0.0045147631586787505,0.049505368250535635,0.011034932544496414,0.055279717634450734
189,0.004145652709119869,0.044357859461609694,0.012647287059111934,0.06789111409949454
190,0.0037903763869891723,0.045358214234098325,0.010053225856938078,0.0517725674703612
191,0.0038984119247431506,0.04636097995707816,0.009236361005579742,0.04829433814524827
192,0.003538130214965602,0.044154774726276526,0.010549834598056135,0.057248157025646215
193,0.004115237267722679,0.045868527606852706,0.010293199715398289,0.05449418199695303
194,0.004241712049438583,0.04675216891799371,0.010296440646882002,0.05746463345670299
195,0.003579856246766076,0.04371613554067437,0.010488181743752626,0.05604346850477179
196,0.0031423459807142216,0.04099060874021494,0.010813410582333512,0.050999987394928864
197,0.0041840962640888055,0.048853563457666754,0.01078518704128781,0.05751715598871759
198,0.004056432978719382,0.04813313690239509,0.009718602420134892,0.04745353775737339
199,0.0036045469951692336,0.04479988294134999,0.011429440688963075,0.05774090110057725
200,0.003010772913504767,0.04049075779912429,0.009523735153511579,0.05089007468366998
201,0.0035872715393389116,0.044539821838873464,0.00924931618292441,0.04649865985653246
202,0.003281492525177575,0.042338869743956765,0.01036704328980566,0.04962288029188374
203,0.003317554285945728,0.042766689091243294,0.009688659982137596,0.04993996465460299
204,0.0034256347475309858,0.0433112403594683,0.010404948091528003,0.05577555319849788
205,0.0036741694140626914,0.044504874309099524,0.00973521613772394,0.050071876771274566
206,0.002847084414667706,0.03873889261371894,0.00981610715500545,0.05133231674229432
207,0.0035424942220553305,0.045197037938877326,0.009499275427572692,0.04540147104830213
208,0.002845733448474952,0.03964135842476815,0.009915159713721741,0.04926549331049826
209,0.0030842355039592644,0.04030587893544434,0.010156338535641796,0.05381848889320587
210,0.0029413619535824413,0.039715174146939584,0.01022230559329683,0.05091303707763658
211,0.004000382152966546,0.047646433094779964,0.01608362171438759,0.0854136683067053
212,0.004103373250414304,0.04619072213475689,0.01055804338121037,0.05463814682801219
213,0.011923492353467678,0.06122660790110265,0.011263718102623074,0.055338237515566206
214,0.007908315593733863,0.06308919024752649,0.014796055994254053,0.07139425667074632
215,0.011858574250946217,0.05984853970567615,0.01976228158492018,0.08753100194194795
216,0.013258017254958556,0.0656266565373642,0.013684194183937237,0.0657268785251864
217,0.01134074704350558,0.06971761145893501,0.012334022273363658,0.06070567905044892
218,0.00655012456782372,0.054672969079822616,0.010436877121517535,0.053323171579565835
219,0.005972629260369123,0.04771284341766626,0.011562401757639819,0.05263612217015381
220,0.004497539643596442,0.04667742127406625,0.010867646901925447,0.05482636451203172
221,0.005034036188401233,0.05172512798358676,0.011192810748506992,0.05933702589376409
222,0.004079425209326702,0.04470122727547454,0.010900354388967715,0.048651142364559065
223,0.0031848074754552798,0.04042308770238969,0.01042597570888079,0.048044841720366986
224,0.003512403270097599,0.042520706605357075,0.010663432811752634,0.04951360643452306
225,0.003557341654516673,0.04368857813485202,0.009931655105158872,0.04785539038855702
226,0.0032156690058286084,0.041677557213865866,0.010268250030315179,0.049191114575172626
227,0.002988778910744072,0.04028751610986532,0.01060290256032537,0.05054407214289577
228,0.002600571721182927,0.03762531031237888,0.010448396747698123,0.049150929925381524
229,0.0026849195821584283,0.03861047788407789,0.010174125349751104,0.04737753092044725
230,0.0028962028171525193,0.04051117966483114,0.010569301111363623,0.05225142853972965
231,0.0028516984819477245,0.03931247198611022,0.00987191001468807,0.04848075818547666
232,0.0024794770499819672,0.03651344968675353,0.010572040877985378,0.049671528594834466
233,0.003220213408552522,0.04197940011680996,0.01110012555180754,0.055113325865776365
234,0.003324490563323311,0.04172989450746526,0.009898119772511744,0.04541315556600455
235,0.0027862173569280294,0.03985826831284441,0.010442827768534795,0.05589447796773742
236,0.002871760476094901,0.04007795311240046,0.01003274255829809,0.04866740314946558
237,0.002644847667579165,0.03724551571878814,0.011250768677624411,0.0567957866999651
238,0.003157272887905073,0.040424532161897266,0.010066483517838586,0.04737364792551831
239,0.0023961996236638444,0.036152020071496954,0.011016971505530854,0.05471304184688879
240,0.0022994102319196237,0.035493619499831104,0.009697408761904008,0.04714358725070565
241,0.002709598436526269,0.03898882934166935,0.010281261696851023,0.04896951224988793
242,0.0025403696025586156,0.03736476018686071,0.009044987603309749,0.04439079049228003
243,0.00246170412959682,0.03589709442517172,0.009535613151834767,0.05020846738310562
244,0.0023993411077936075,0.03537490202697366,0.010349789194359015,0.04855505456983039
245,0.0024253384459512212,0.03643099460175655,0.009909352697538275,0.04592507334789266
246,0.002284964651086162,0.035790318657947795,0.01149993851307389,0.05933587973060199
247,0.0023408779830358666,0.03591071054703469,0.009460038662064033,0.04516988629672529
248,0.0027169030098324184,0.03843577251010197,0.011395488955467001,0.054037335050018634
249,0.003352106687501275,0.04274724422874069,0.013643184839659317,0.07629574957520725
250,0.00453346707182802,0.046097006648778915,0.015229325180510053,0.07867617776039694
251,0.005113234243842052,0.0467642203028986,0.030531556087018418,0.12614759059783753
252,0.009058661418699909,0.05436158205013094,0.012813501970590554,0.06784778095615875
253,0.006120455134653685,0.04903859779122404,0.013004448392824561,0.06253553874535706
254,0.0058701830047988915,0.05055639072039146,0.010887632331123403,0.053448549883074896
255,0.005634000712201697,0.04507206850484504,0.014632539590441262,0.07764851976143543
256,0.00423409206499442,0.04496636573246749,0.011649811677816832,0.05779879115671648
257,0.0029883910082552415,0.04058391972112178,0.013474556095877917,0.06987250596689569
258,0.0026702873163401805,0.037355520169958245,0.010654425531416314,0.056953238585376015
259,0.0023357198236451378,0.03564551653555987,0.009622245773800539,0.046816067750900095
260,0.0028908466118345846,0.04070379392505906,0.00998857854837668,0.047163969740506295
261,0.0022006435678863516,0.03491769668472028,0.009250447981662559,0.04509803751612053
262,0.0025562840569742255,0.037572258374864546,0.011512617220659981,0.06038620254143239
263,0.0025075624035156233,0.03705667479966793,0.010199913880643615,0.0487532292445641
264,0.002117822737945607,0.03367131948471069,0.009807213890482102,0.05183526992166515
265,0.002418769635176359,0.03631400961263284,0.009843066014629717,0.044578659381071944
266,0.0018277751823601543,0.031435304143427184,0.009963977019501611,0.04477143902908292
267,0.002325206564309238,0.03449365119808481,0.010431058123092623,0.051521291022453536
268,0.005009589324053345,0.03736312717482483,0.06120058590023172,0.18719000886925402
269,0.010033234675621224,0.06212309593714655,0.020836514705617034,0.09728118990148817
270,0.008895630060376244,0.05582632920298691,0.01465619790293418,0.07515848249132254
271,0.004199571212346614,0.044541186672987114,0.01050515302509021,0.05328374125755461
272,0.003565684954493904,0.042154836503477226,0.010235195716924961,0.050936518422146325
273,0.004005295446178581,0.04453545059562539,0.010772538721705102,0.04917856930091872
274,0.002929673922663124,0.038973335729116175,0.01172833734418082,0.05640981021392352
275,0.0022876405756488256,0.03504180329247252,0.0103238450448266,0.05201360961095527
276,0.0026708835817925306,0.0375936045663758,0.010025767882145629,0.05082096798281706
277,0.002214223472456804,0.03537331952946972,0.010630494249465591,0.04949943060414549
278,0.0018226954345548702,0.03173745874837572,0.010368167618739823,0.04650696062688786
279,0.0021932376830699255,0.03494802403033366,0.009322723774553066,0.04633118060661813
280,0.00259806477656088,0.03798268967496771,0.011320653543764566,0.060258213926404146
281,0.0018384482459603481,0.03162655870556265,0.009674058811276713,0.04587284828061192
282,0.0018827073182578855,0.03172311007541683,0.009695283629228843,0.04484065377448383
283,0.002324379502419884,0.03505338711868232,0.009754653307793905,0.047995998459882803
284,0.0017523414902212075,0.030807986267702352,0.009607502709672519,0.04429961364192201
285,0.0019930078414805083,0.033180778868266356,0.010279099444445427,0.04801376507147572
286,0.0018226841260329228,0.03163667139857957,0.010319865006439504,0.04770021314192958
287,0.0019534563477121704,0.03302684354380628,0.00978467050649677,0.04411672985121519
288,0.001717856238856229,0.03021721113858726,0.009986642284732613,0.044736063517609864
289,0.001890051939639585,0.03253125679601157,0.009198714251539456,0.04323064058913866
290,0.002061660207563415,0.0337660186167163,0.010671421263006752,0.05072123280310035
291,0.0019623262026831683,0.0332392868947732,0.010375193588203957,0.05726181166140299
292,0.0019417963141839653,0.032440380126612045,0.010148668298998615,0.04831895563652307
293,0.0018746355039465441,0.03238931879107937,0.01018761963083215,0.05200930374397784
294,0.0018248433858477917,0.031517075270434576,0.01062815127128382,0.047686188637052845
295,0.0018514686726756751,0.030253043651712278,0.010356249835844,0.05192692567316622
296,0.0020280388295053197,0.03144124445568961,0.009007762149679497,0.04293786592696556
297,0.0023349016358662545,0.03496918989858022,0.012354523738990864,0.06642959348853356
298,0.002256054015075494,0.03433384292755525,0.009753349906294964,0.04649405871628744
299,0.002060738348957969,0.032109039922538433,0.011194340105758881,0.05314125549827239
300,0.0026399817426436467,0.03670988810979636,0.009386400464393041,0.04474246506779042
301,0.0030137797906706607,0.040796482617627736,0.010662447541268185,0.04975498463636763
302,0.004749258604876553,0.045803559528778154,0.010675551450220967,0.05115489033797006
303,0.004595812799220681,0.04022439511086442,0.013976426476927343,0.07080311848215924
304,0.0038384239919026057,0.04103399945399621,0.016058988604615687,0.08933352615880552
305,0.0021937627488008375,0.034753491911780524,0.009988580518015162,0.045532008431677845
306,0.002335193286309209,0.035180439807861424,0.00936218752338066,0.04560321749940247
307,0.0017372679221230515,0.03001037258736999,0.009385337152137406,0.04440963125622253
308,0.0017931336243654286,0.03139199450748591,0.010391993754700693,0.04678218007403376
309,0.0019385969868084036,0.03303602963564636,0.00984947029554317,0.046617895852428363
310,0.0016700199724297969,0.029966233627479442,0.010900688774495232,0.05122736931284247
311,0.001503481727326052,0.028762717414324998,0.0098958995589346,0.046017370852988286
312,0.0018394634804382167,0.03178477688263666,0.010983897838994481,0.05590430567610659
313,0.0019218130309759185,0.03183396122932515,0.01056764546745355,0.04852860063184933
314,0.0016954262366579687,0.029676194430095365,0.010702709382069072,0.055749919799716496
315,0.0017559152037808486,0.030828244190297775,0.011173990456967138,0.055403048972893124
316,0.0018682710709547088,0.03169834245442535,0.009424990239072064,0.04237740312230969
317,0.001721719789039375,0.029723075470369793,0.00952428208470814,0.045407736782209177
318,0.001888936597643427,0.031025245407748554,0.010114898911228586,0.05059410314167213
319,0.001916571618591868,0.03106350342363554,0.009790603144297711,0.04749757856826689
320,0.0021392755001981836,0.03199699940491742,0.011036102342308538,0.05153929471305892
321,0.002076367725873215,0.03110334689880291,0.009758634657165494,0.04506139060009892
322,0.0017413630203271559,0.030174961831252536,0.013309488644634233,0.07327324008323265
323,0.002161106564922111,0.03444134315692614,0.010146241658354569,0.04630988937261828
324,0.0018253656703704469,0.031149351536408496,0.010883691979421425,0.05414009595058134
325,0.0017037784409259572,0.029980460983901093,0.01004244346578344,0.04491617008112877
326,0.0018968767195217586,0.03270192330050234,0.010773611007615447,0.04939369695227733
327,0.0018932871213343978,0.03068025169744304,0.009881047457471766,0.04653416339678327
328,0.0018750666052499336,0.030430231483550164,0.009938686106724302,0.04422660400642771
329,0.0016966297628258774,0.029879829629846134,0.010157481783298833,0.04610433052498837
330,0.001625511326974376,0.030079082376347342,0.00951564439563794,0.04471423000396755
331,0.0016532953288409295,0.030336478113885408,0.009897312572572961,0.044679852982599536
332,0.0016147652110413556,0.029871726932568513,0.011646956543042033,0.06288970280630896
333,0.001647618675437286,0.03057306693708205,0.010886307814123593,0.05260489609483012
334,0.005821202620993484,0.043425252750227725,0.016177479292041965,0.0790735844366904
335,0.011467876891827721,0.06988781191279697,0.012042670596961593,0.058711014123454426
336,0.009939039192245569,0.04878583474733848,0.013170031155826345,0.062389815065327835
337,0.0077918036467157755,0.04298384733748387,0.010857146165532499,0.05106278644477071
338,0.005019486538037496,0.04675704245728924,0.01091675992421745,0.053433647695959166
339,0.0030501845825563396,0.0389735152029085,0.01059944800742169,0.05290450874487386
340,0.0024866338662517485,0.034403864892207855,0.009878100509138647,0.04648625692033949
341,0.0017731267909737746,0.031201870074798424,0.010545069908827953,0.04442557070297045
342,0.0017213934556001807,0.030808302349798714,0.009527634786283077,0.043705154952958895
343,0.0013420074750486956,0.02736310834399433,0.009852591616196163,0.045662978768251566
344,0.0014634352180699767,0.028403694335337126,0.010156508557152433,0.04951652962388648
345,0.0021117595838958635,0.03476687274117327,0.010552270583037463,0.05520473881981283
346,0.0015753439085922749,0.029835400276813907,0.009556239766272626,0.04677828538926123
347,0.0017314562469346035,0.0313024627348812,0.010331709950399474,0.04919768438463558
348,0.0016395711945749068,0.030227801821617745,0.009642681041666667,0.043865811603830795
349,0.001482478610583125,0.029234485014954542,0.010733846904348738,0.05312235438907878
350,0.0014499583761775022,0.028371211715247376,0.010156280763289451,0.04590513517231251
351,0.0021102189289106984,0.03048257461853621,0.010192866612171137,0.04714311657717279
352,0.002369491906808503,0.030929892797631087,0.010677744707928354,0.05462972986947447
353,0.0025852065223143073,0.03377039958970968,0.00981127976332141,0.04719474696994864
354,0.00286013067807891,0.03184475781459868,0.010632009803692343,0.053793672445932854
355,0.0015534790462131975,0.02891656112597075,0.01136214823736761,0.058661896626159976
356,0.0018192205944597534,0.031585069759431275,0.009612145540514422,0.04423531834471167
357,0.00152880633475836,0.02903596855368823,0.010552146093892555,0.05162297702398979
358,0.002242761158849254,0.03655787357509965,0.010599829339498674,0.05088104699403938
359,0.0016323155693884928,0.030780199996072802,0.009492869911809481,0.04344436357942112
360,0.001351850887456821,0.02763542362141496,0.00971607290603431,0.046638405789246315
361,0.0013373635059382488,0.02772165141547175,0.010513884433742971,0.05496836356142822
362,0.0014967193469846976,0.028849740153981906,0.010185196714719584,0.046399045576751716
363,0.001692004576993807,0.02987458676726769,0.010079320992526761,0.044864886536959525
364,0.0014559570696769952,0.028160712356522077,0.010072889942159833,0.04674560860778766
365,0.0013226252129003733,0.02702178039518825,0.010644897971846597,0.04625522821639816
366,0.0015228842740640182,0.02926757074273114,0.009501094639499604,0.04552439312283142
367,0.0015238705628024098,0.029231609684969153,0.010276110565476018,0.04996368874194245
368,0.0017173771855405879,0.030876408533035474,0.010536919821697221,0.0495079772173549
369,0.0015444561938967266,0.028250604875519756,0.010311531484742193,0.048485602501583513
370,0.0019042936174567468,0.030484475799645656,0.010605709885268804,0.051217229066579516
371,0.001527422735320444,0.027904246510602193,0.011203276369840085,0.05650537363509003
372,0.001544372018508507,0.029965732423610756,0.01025698102033297,0.05279460158816244
373,0.0019688937020376526,0.03368816582260392,0.010871717247996623,0.05353204776481854
374,0.0014883309296510221,0.02856480761222266,0.010960511159048593,0.053310292214964604
375,0.0019815516921454263,0.030082291593850365,0.00987724158159138,0.04715996573738337
376,0.0017405923575726674,0.028602123260498047,0.010407523173152883,0.05090567979117828
377,0.0016747636894035287,0.029504601957739754,0.009742648658959326,0.04664197978945545
378,0.0018319807568875346,0.03112917181836333,0.010412331030586211,0.04654050480406418
379,0.0025697102550809687,0.03326223627703652,0.010780564067826598,0.05025199357580064
380,0.002332815387261596,0.03208546271193096,0.010360609405127185,0.0465189470387975
381,0.0027858852078976354,0.0330396548436887,0.010612115719735558,0.048027497715742155
382,0.0020201756587077575,0.030723426081455073,0.012471276336429981,0.06782270222497595
383,0.002140239640082159,0.03258451620324774,0.010990844854335304,0.05350857471874199
384,0.0017558386651508342,0.029871350044936375,0.010497463080427007,0.04713323571714676
385,0.001779542852126436,0.029188515387746007,0.010202521824018422,0.04923346722250656
386,0.0018412282538793356,0.030620945067042854,0.01061208829605453,0.04923002987630597
387,0.0015373207958339938,0.027023454318420338,0.010879709273030388,0.049954649502090755
388,0.0012924381056395975,0.026063783332568976,0.00969379057977217,0.04431948155197095
389,0.001304207855611496,0.02537424863648892,0.010348688064386895,0.05251204263315714
390,0.005196897830487986,0.04413527805923222,0.01127678528655723,0.0565277915053365
391,0.006338772213138314,0.04323055321735611,0.012270462457677435,0.06458513807588333
392,0.0035552436533764203,0.04253664563470345,0.010318635643694079,0.04862412052721773
393,0.001704535069372941,0.03144917295045435,0.01020066059204117,0.04943138720353358
394,0.0017215704862508718,0.03000430360532511,0.009521182056992946,0.04451415466426961
395,0.001259031214457085,0.026243083894475258,0.010883040958889019,0.054245339223931884
396,0.0014261828861406316,0.02875022392139764,0.009515328322664218,0.044940938352567225
397,0.0013708770352146805,0.028462164158340953,0.010311829642529788,0.05066623234800642
398,0.0012959328829152822,0.02733420499849813,0.00936370894782314,0.04180790882179233
399,0.0014282073448344174,0.029170268421602686,0.00991031601529271,0.047753613466464714
400,0.0010225483441946906,0.02424257196180085,0.01037746713036901,0.05263366506094521
401,0.0013568283360979852,0.028025949245535562,0.010218869548974916,0.048422410677448686
402,0.0017217575070901082,0.03174247959401796,0.010275869239106498,0.05261123221264399
403,0.0014884726312340145,0.029014615481703573,0.01018089291552109,0.04791999381846996
404,0.0016243169499367783,0.029055972993475,0.010118750281407336,0.0475033464143938
405,0.0017301028236161513,0.028788794557654658,0.00945431647325488,0.0440885148586332
406,0.0014635222122338,0.02805420631320953,0.010190804098228914,0.04568265061795161
407,0.0011246708909441183,0.024989286921779343,0.009922081675422962,0.04766099124191767
408,0.001199322879557919,0.0259076155890266,0.011285173155302622,0.05886253349924139
409,0.001452872114014898,0.028119971431490927,0.00976327722267405,0.045357681986901634
410,0.0010223545366226628,0.02351582288289519,0.010279780718670436,0.04824425309030405
411,0.0015656536682711142,0.02881325645707889,0.010370507536861704,0.04839712658179706
412,0.0012986833430494206,0.026890471332409766,0.009339340079395178,0.042789389795660646
413,0.0012195374076212002,0.02623076237862014,0.009738889307346213,0.04396744533191551
414,0.0010664553500722663,0.024826582976274665,0.009489738252388273,0.04381934149693627
415,0.001048689832034561,0.024116865693916092,0.010360044797519216,0.047178569041892666
416,0.0014665190340509599,0.027984822876207863,0.010039229770932126,0.04503872674737593
417,0.0017987981805698595,0.03191287504856086,0.009766395519690416,0.04528005294894343
418,0.0015536476066320235,0.027198805914598275,0.010199369833461175,0.047973030685391
419,0.0018324617926609042,0.0301037998986944,0.009543515166514622,0.04426502412117285
420,0.0028276551917557485,0.034950234107154886,0.010397737389475933,0.049417985901681706
421,0.001536030879108002,0.027319374933843902,0.010554484113957784,0.04552262511543448
422,0.0014430357747955212,0.02683404522616458,0.010071127744020246,0.04683635821530574
423,0.0012916193737464818,0.026638685602696013,0.010084755601091254,0.04739165224746023
424,0.0012952896581609073,0.025733489925588517,0.009993493343748472,0.04589926634775045
425,0.0013703698269699892,0.027473137885569758,0.010539665695791785,0.05080843783635798
426,0.0011603214975244524,0.025417929346485787,0.009694885233612423,0.043260493414402655
427,0.0011307109173145215,0.025086065974879113,0.010535448810464051,0.05391645924649052
428,0.0012460678248894712,0.02638901211637378,0.010326595644839412,0.04642959772561116
429,0.0012983261240169994,0.026316224114825898,0.010019544581844715,0.047407099988264985
430,0.0011600905238572682,0.025181607638738866,0.010233923191855227,0.04962726797967226
431,0.0013338559087363337,0.027131999626978195,0.010191667943928312,0.04584835427127766
432,0.0013519920348128147,0.02698962954588773,0.01090710994125825,0.05196984092634634
433,0.001254209419974724,0.025783569458777272,0.009418447827237381,0.04451941712954199
434,0.0012967288386266935,0.026634918310918725,0.010576769722739942,0.05001789827601927
435,0.0015923605873042475,0.03035343673635144,0.00973418286998009,0.04359466309159881
436,0.001768094232180423,0.030353704478160624,0.009857023393584538,0.04963223643435013
437,0.0014491349080729815,0.02706653921077079,0.010067912450592433,0.045545559331960875
438,0.0013158278249666819,0.025435058819714706,0.010364983796528027,0.04753139637115208
439,0.001811452041864256,0.030158309013152026,0.009772323645370073,0.04560472633100799
440,0.0015803764337093248,0.027149302515188312,0.009991789469116007,0.0450684984276827
441,0.0010952790283803738,0.02398245564488423,0.009856319207483614,0.04776831969440728
442,0.001217710715647462,0.025910224759850737,0.01072288312054341,0.051558379019119374
443,0.001096161128131437,0.02455440082078187,0.010562802487372187,0.047544390102772525
444,0.0012392294049594194,0.025822883389048305,0.009639967394317868,0.0484380618563364
445,0.0010944430216306882,0.024424104268394326,0.01054714253503123,0.05504620847196633
446,0.001291120909825176,0.02668351706080733,0.009375968121147995,0.04620838467191575
447,0.0013442850148649447,0.025666298370645296,0.010378994618778737,0.04837202263559938
448,0.0012016581864779468,0.024873065812469623,0.00989099054019099,0.04599680717364722
449,0.0009225722071338631,0.022975779493400354,0.00961238026908826,0.04439235979054752
450,0.0011050142825798873,0.02522708892867773,0.010995221743638395,0.053263656981188214
451,0.0009253931428600655,0.022606069797256215,0.010587795332882559,0.05018402123494941
452,0.0010321773801380998,0.02345953428435819,0.010326016993787481,0.05306458952373813
453,0.0010428418809311634,0.023748920693826708,0.00996883328784498,0.04692619351800663
454,0.001097888101375348,0.024391117132504917,0.011251876207593664,0.054943064892424766
455,0.0016059871898249202,0.02928641733144921,0.010581661944542159,0.04963869845928672
456,0.001187645499494962,0.024850582477042825,0.010015867332058278,0.04892130379424932
457,0.0012204045234918014,0.026052388111979508,0.010457908909080884,0.05242589084934372
458,0.0011897568128279984,0.025830477061496576,0.009797162886775752,0.043136130431580974
459,0.0012296307770773,0.026149699446110956,0.009481643761825859,0.0455564368761052
460,0.0011967059271773535,0.025953463735997495,0.010137993853239748,0.04742544820650579
461,0.0010500821595403806,0.024254744764370638,0.010352232083508776,0.0469614433510141
462,0.0010314187866147047,0.024423661597217185,0.009334880594591095,0.04295513754440416
463,0.0011325432951318768,0.02504043664857821,0.010329901480805462,0.04796796145361769
464,0.0010667240801080873,0.024152717428881715,0.010329973964108632,0.04676989741554602
465,0.001325864329784641,0.025999568568363732,0.010648328341727815,0.049088119137131736
466,0.0013744414599416736,0.02405851908928162,0.010674074194042467,0.048074550376289375
467,0.0012734375258980045,0.024982069886040195,0.012490005765589828,0.06428398646814935
468,0.0008541021829581285,0.0217827063946298,0.00981930443928018,0.04586584253529049
469,0.0009831710275783085,0.023907727732227987,0.010074992294866938,0.044861843486734866
470,0.0013475939277515275,0.02739440188479294,0.010225759576454694,0.04415589503818462
471,0.0012495125814798928,0.02654044148595931,0.010200644144408976,0.047411575238587154
472,0.001337331035287408,0.02768518212167619,0.010180222104510443,0.04963697984183307
473,0.0012354589024578257,0.025334428222853124,0.009556746432185376,0.042482067574380146
474,0.0009439217740969121,0.02220810486827315,0.010356614330762239,0.04672871506583231
475,0.0010101490145726782,0.02322374488102872,0.009661023873058772,0.04490054542849337
476,0.0011851811278810517,0.02496493675578215,0.010100913702751601,0.046417717598803594
477,0.001364429217447537,0.025974452978459545,0.010025119634586984,0.0469044867957629
478,0.0011401155879082678,0.025863337064744012,0.010379447282020293,0.046542650158479124
479,0.0011234757185137468,0.02483251281992779,0.010151901803930967,0.04973685302928956
480,0.0009488158544552682,0.023207362771570216,0.009833630708353325,0.043015409598915165
481,0.0009188068987426235,0.022447062246716342,0.010020613895970995,0.04529922883522569
482,0.001258388745533236,0.025798402783534548,0.010334492551283238,0.049434664912647294
483,0.001717127887876581,0.03092850397097931,0.011378928002664119,0.058738617672666395
484,0.001264170292736618,0.02552015046280321,0.010951836146252399,0.054541977218542974
485,0.0010844549359478788,0.024623216015122726,0.009833715876436902,0.04355551211172507
486,0.0010509402627042585,0.024185633033382555,0.010053230351416849,0.047626054834115125
487,0.0013431488562133233,0.02733625243422659,0.00982007158248362,0.04721051865115171
488,0.0016941813614426739,0.02367938447757559,0.009523602746480682,0.04485364472377177
489,0.004800145836140295,0.035934471184894075,0.010293351537545476,0.04900725167457142
490,0.002126814892248816,0.028503833248235428,0.013575435943126532,0.07190206982417964
491,0.001384633453183627,0.02625814683844083,0.009861226122783845,0.04945812811432553
492,0.0009084410284727073,0.022886764761256412,0.009527356992134221,0.04103505137310217
493,0.0008933974465636222,0.022464895404781735,0.009736653743767053,0.05093364065461415
494,0.0009794035892054112,0.023791527223255338,0.009097024585165403,0.04181309490141371
495,0.0008720099381011575,0.021924502641963765,0.009568844930360388,0.04525582917289589
496,0.0008167016665897771,0.021110636426415894,0.00951371718039215,0.04286933123725449
497,0.0009326663120171926,0.02207940966674624,0.009617901832626152,0.04721637343758154
498,0.0009892876452164648,0.023049316302316044,0.009565701935590042,0.04547751053463565
499,0.00102959273721641,0.02375099277879106,0.00968536459762423,0.045755073695257914
500,0.0009113657204704477,0.02252688667505302,0.009511125337237383,0.04609384419096028
501,0.0009058634217452128,0.022817284057139946,0.010744178402204712,0.05055689593571674
502,0.0008155422403194607,0.02051169248149279,0.009414902207072843,0.04230892083150806
503,0.0007850062348775586,0.02049054800806751,0.009591033741667875,0.042766034485755056
504,0.0008903883657034854,0.02159736042606515,0.00970740914005849,0.04830855445603454
505,0.0020207986949042655,0.030617562781552924,0.014374963016973151,0.06492241603938993
506,0.01423617298416174,0.07344468820538001,0.013222697739818703,0.056153663380970976
507,0.004492534443588809,0.04574994659819237,0.011487293960895878,0.04979754253485357
508,0.0026278283431542034,0.03672448802052978,0.010472263568695604,0.04695733497602211
509,0.0019786980651836676,0.03276844662091147,0.010491683055271862,0.05180165371141765
510,0.0017817235708759399,0.03200904462735532,0.010095616820784836,0.04592309340567514
511,0.0011175851744334496,0.025067866700541824,0.010072219338180019,0.04654860202706682
512,0.0014157774676857968,0.02864777334830823,0.009935561746246567,0.04886702626198935
513,0.0011529225834457613,0.025915111307956058,0.00961137969843084,0.043566164554039596
514,0.0011347625328948095,0.02560583573981265,0.00998104284813406,0.04543911431962093
515,0.0012044799315414799,0.026774458872855296,0.009627231419246315,0.04279486577207145
516,0.0009091254111787372,0.022729608673674396,0.009863219169281637,0.046804440707081625
517,0.0007587061994228718,0.02106966498719663,0.009723083222601594,0.04855632768020172
518,0.0008802648912925649,0.02206784855633782,0.009558422265585466,0.043031198085406626
519,0.0007825396395808899,0.020998586611370332,0.01041464044599673,0.04945447631402873
520,0.0009911316616625328,0.023084107093692515,0.009743360068374868,0.04442299861766475
521,0.0009899468643773785,0.023393041575292754,0.010066735503071031,0.047135272724498294
522,0.0008138157248559898,0.021587390167569765,0.00939958597207619,0.04175533643644961
523,0.0007663324040676457,0.020373829259639237,0.009858796220360802,0.04497631233325152
524,0.0007480115361191259,0.02015466313565186,0.010123945785800703,0.047088862351753476
525,0.0007510028380052413,0.020377538080033626,0.009481410934027773,0.04283968293063023
526,0.0007055735161307091,0.020282575304417398,0.009457686840364833,0.043543758520341515
527,0.0007847693988476309,0.021547331889660876,0.009681505296027236,0.04641776777184702
528,0.0008288528268520341,0.021702667884718252,0.009328462527978847,0.04224701943093509
529,0.0009182429334066915,0.02183143328717291,0.009774039852059062,0.047410756333375485
530,0.0008190609128769041,0.02125747252570438,0.009948353650501642,0.04736680835323577
531,0.0010314399237974575,0.02248212245735711,0.009791381474501377,0.046315377554868885
532,0.0009867720751552916,0.02166983264384328,0.009340260078951449,0.04232368637877985
533,0.001063392013470188,0.022988775303232737,0.010789199945471862,0.05699425861279903
534,0.00087603449185948,0.0217917603998365,0.009700780527325755,0.048070110850104944
535,0.0007758338384487969,0.021200158447153616,0.0095417439373031,0.04556604890615185
536,0.0007960322424962176,0.021587802531418253,0.010110416600864132,0.04684038600079525
537,0.0007957771407166312,0.021428195531484756,0.009576637562822666,0.044981874752180656
538,0.0009913840405402809,0.024277471059640666,0.009551395498224246,0.04475677203607585
539,0.0008668321221591263,0.022503514019162483,0.009469182875274495,0.043450724960814216
540,0.0008983591102233677,0.02271782126483733,0.009461769420352078,0.04518956156009439
541,0.0009342857742695372,0.023537330107569372,0.009489582855449681,0.04584243156861702
542,0.000761279840938637,0.020875309324407117,0.00943057584216629,0.04521729480849537
543,0.00074546785424642,0.020657095965219224,0.009839311988780448,0.04854924807659897
544,0.000871528451993662,0.022055808695562215,0.009921855771522575,0.048970399990006026
545,0.0010454132415045813,0.02330320601771555,0.009482423503747102,0.045473860927828624
546,0.0009719443097727991,0.022758975372851036,0.0095633610289813,0.04658165436879504
547,0.0009740851249289517,0.0220537092934878,0.010147642878444217,0.05256859927819126
548,0.0012590972139847076,0.02499261792732733,0.009738308509471808,0.046923460286072194
549,0.0012012732645294787,0.02378451329547549,0.01010838374525859,0.04970504320441608
550,0.0009091280826871813,0.022637592532526934,0.009960579729372396,0.04783840900785828
551,0.002124003378381592,0.024720259173860136,0.018355514187444688,0.09224229789602569
552,0.0023560277981924424,0.033896949685778825,0.009723010298551658,0.049050383771618446
553,0.0017499642906135973,0.027834557336864126,0.009559063349143764,0.043966514215739376
554,0.003688245773096425,0.028809458545741285,0.0090909326826675,0.044530510718264964
555,0.002714352322755616,0.024671459947227622,0.009084573193639922,0.04266671393428854
556,0.0019149244704887696,0.02793211068339901,0.009506527811242293,0.04593019171262293
557,0.00282642727371395,0.026924376742877027,0.013316214519174994,0.0736458744086823
558,0.0022724506964772423,0.028356081267302425,0.013860942604650563,0.06931744838444064
559,0.002771663015583814,0.03633429613918784,0.010056560309446988,0.05152045954818119
560,0.0016856653812004194,0.027651706142246744,0.010152273741335744,0.05198694913689045
561,0.0015587443609697941,0.02936976397815178,0.01006379662286986,0.053108470905966765
562,0.0013471316304996428,0.024086479443967,0.010450825214311116,0.056874770958468296
563,0.0010998116592122265,0.022731105836495773,0.009483812060809125,0.04381084391348457
564,0.0008707262918630866,0.021348633416297884,0.009340060298497516,0.04407850729624323
565,0.000954341448036512,0.023231882291640877,0.00963295347652702,0.04766610147414293
566,0.0006770569412835691,0.019607378927719646,0.009304337094232869,0.04377159948163807
567,0.0007138311689369403,0.02014603898053073,0.009428000955937035,0.0435181953810208
568,0.0008325754087265046,0.022132368990282387,0.009363434082079255,0.042563115800531064
569,0.000705925997075333,0.020043761599941663,0.009171678229614016,0.04430304337566084
570,0.0015889792977045358,0.022399875321174257,0.010504448691272723,0.057040295473085936
571,0.0011922662533084287,0.023393182337415556,0.00971249160409937,0.044673126959836336
572,0.0009414066282781375,0.021876826242729894,0.009481089712221263,0.04474062026194552
573,0.000933600118579542,0.021676659104321056,0.00950568307055558,0.042769880814600224
574,0.0007449696300292788,0.020328883848348675,0.009411780345256176,0.047020863674860296
575,0.000692314840876916,0.019738583555328145,0.009297741343819176,0.043652454643049426
576,0.0006247025905681056,0.018404185491944922,0.008877045976904578,0.03956022701291433
577,0.0009231698103155846,0.02258371436177754,0.009529618676883381,0.04637668088345603
578,0.0007255459835573975,0.020562350600174133,0.009242595184674322,0.043562345704522096
579,0.0006871377109043669,0.019988632940127562,0.010476698370605893,0.0506591967437042
580,0.0008750345969667786,0.021993114773852768,0.009411691310236283,0.041057586580887234
581,0.0006739808647093197,0.019715286740128735,0.008876931624682312,0.04173337238183623
582,0.0007715438173846495,0.02117725025039529,0.009170592188357595,0.042336626315265816
583,0.0007295146271884112,0.020302463805130427,0.009188482305920283,0.0406023219393719
584,0.0008157638680721716,0.021841726931078092,0.009834884314320775,0.04575614368523805
585,0.000904682537113055,0.02258211424720259,0.010308522620531268,0.04959729378198166
586,0.001166654400826752,0.02549433541140659,0.00979291535064068,0.04900129270344762
587,0.0009281362192329205,0.022679024267578916,0.010078452739106781,0.04684776930965075
588,0.0007842512593148285,0.02132893315208921,0.009107412189641832,0.04295691861561107
589,0.0007461826465148536,0.020679530473049917,0.009770879262450238,0.04728199667633713
590,0.0006879051717042147,0.019789302554758963,0.00917180483105518,0.04194316745719011
591,0.00071747899333187,0.01996095422219231,0.009886939788696552,0.04730474278897387
592,0.0008385774580941766,0.02180224524202248,0.009490401218991801,0.04309335370820738
593,0.0009373419006864853,0.023257869955949917,0.012095273279881896,0.059310362675813535
594,0.0010624656208889122,0.023604699210454983,0.00937384617778471,0.043430577929190875
595,0.0010904274516628976,0.023225849015877778,0.009533663295990485,0.04602393338184587
596,0.001222853367980083,0.025616420578928288,0.00943557686063156,0.04514375810007049
597,0.0009142180097423377,0.021348268515454093,0.009444734401847116,0.04244559285742378
598,0.0007960280578453593,0.021092574106744883,0.01020878594619612,0.05577159645658094
599,0.0007911437757700065,0.02083296601638112,0.009279768845690683,0.04143354002869951
600,0.0007040186674039575,0.019981215449134133,0.00953941331508062,0.046336652934632176
601,0.0006354019062974072,0.019245545186726852,0.009585785264192813,0.047814355842417056
602,0.0007255991308058384,0.020527592276466028,0.010172888836158174,0.053346899948662097
603,0.0007308216691632607,0.02045314413854681,0.009357074710099347,0.0417611034873353
604,0.0006417921150320004,0.019130413327271306,0.009827770562139317,0.04644557620393135
605,0.0008829550906964605,0.0227165049524086,0.00939500525250772,0.04436647938336774
606,0.0009212898070572249,0.02247687403970971,0.009350133929270107,0.04452660709360512
607,0.0006796621178217741,0.019441232705266952,0.009652749524491756,0.047932429175413155
608,0.0007546453247754415,0.021180503466648494,0.00939602006326942,0.04529611671030813
609,0.0007410070214285931,0.020266517831191475,0.009659887586671217,0.04478056326362829
610,0.0008345388984211259,0.02142903692944498,0.010912018281492136,0.05840588249326853
611,0.0010026509634259878,0.024096024464430307,0.011594420403144982,0.05884547482433363
612,0.0009719189785374756,0.022619980222741184,0.009725234599248797,0.04441993103637312
613,0.0010081404837031355,0.022637783355371283,0.009194889738457657,0.0440727889918232
614,0.0009746922922001796,0.02141451856742724,0.009449612868809137,0.04837392640058791
615,0.0007031121436433192,0.018815149620433236,0.008875191724914319,0.04139539865713156
616,0.0009475684196830129,0.022636427955204527,0.009731400635352461,0.04980727522302619
617,0.0009603235149828127,0.023091618520908328,0.009338660247113995,0.04368058132540914
618,0.0008477934700447003,0.021714252796154285,0.009186347416616746,0.04478485794259374
619,0.0007855509066156927,0.020447203859782923,0.009977001056888549,0.04880422108696894
620,0.0010361340329514625,0.024204463185695094,0.009052492368504474,0.042268340510762885
621,0.0006735102620715617,0.018816225288842223,0.0097872642987387,0.04763253057038635
622,0.0008256835536501953,0.02142222860494953,0.009262250460651923,0.04205952398377809
623,0.0007862580647726215,0.021285447152031248,0.00941068088253358,0.04528970436063038
624,0.0007972177453443388,0.02097323120416505,0.009527088847114527,0.0464530074923405
625,0.0006424343182192119,0.01895571098902143,0.009121665141470872,0.040312965397987593
626,0.0005695271482871302,0.017499355151162212,0.009585763127955324,0.04578169971696389
627,0.0008023834689855285,0.021300389264872367,0.009586578964380702,0.04418319630062755
628,0.000723449409522039,0.019306193987267236,0.009803804056744239,0.04496497251720677
629,0.0010764360519542892,0.021986044340991027,0.01025590510398457,0.048877669675381916
630,0.0009519220016562371,0.022775561099699443,0.009296305106810128,0.04490722158983439
631,0.0008636373368970112,0.020724247395233823,0.009705024160796829,0.04866398458148007
632,0.0015851912617795283,0.027051524888353707,0.009473423019005011,0.046356713161528076
633,0.001510538991943917,0.024205002902770268,0.009668415656899108,0.04566084843438517
634,0.0008738558088967461,0.021454486219148576,0.009147102518350145,0.04107060659189123
635,0.0010887416326573602,0.022501657200230757,0.0095719801574907,0.041805268894114095
636,0.000934486540293869,0.02116048236860738,0.009407181837224178,0.04174341966784046
637,0.0008027574845920259,0.021185431714113745,0.009069635721615584,0.04186746729401258
638,0.0006000874738457345,0.01855032438299172,0.009119449492563159,0.04286383560239977
639,0.0006149707881006604,0.01873480954087707,0.009086712786603045,0.040353446858917355
640,0.0005233863173564628,0.017293369771693372,0.009214266412018807,0.04153863729333372
641,0.0006412387980439887,0.01837328511527586,0.009129713658731085,0.04053916891410518
642,0.0006095234496335043,0.018476843478712424,0.009190674343827802,0.042212120767749564
643,0.0006945106062080084,0.019263326630633404,0.009566822295147463,0.04985180289152198
644,0.000772209780397855,0.02080948067962375,0.009421819917875858,0.04395860841519026
645,0.0007245386148365875,0.020158520718631317,0.009172671240168111,0.04309039106233362
646,0.0007228126130502925,0.01976623289062081,0.010218936116027401,0.053369105509737794
647,0.0007107550340957756,0.020118077380710996,0.009459721947636198,0.04443158991816962
648,0.0006845141142585562,0.019492791777253556,0.009442559211468856,0.04306200419849575
649,0.0006000706629320716,0.018684765792344033,0.009978819476862452,0.05244901623943136
650,0.0006072986854215333,0.018857243304935035,0.0092633961437352,0.04167758892778467
651,0.0006016878227721919,0.018445810618483903,0.009223207239504743,0.041304971272047936
652,0.0006018862645786469,0.01835572716729759,0.009201088757153008,0.04225067806767582
653,0.0007680532296581941,0.020153024773330537,0.00991337383047074,0.05109490291304008
654,0.0008129525791547439,0.021013768744399922,0.00977315934347611,0.048210626147335345
655,0.0008514963596176595,0.021235989039485075,0.010471366279106435,0.05219209086127672
656,0.0011787921228224218,0.02521730829845617,0.0099188025488373,0.04828178508248684
657,0.0007500713408471461,0.020152052500372747,0.009875487549850664,0.047846726130234815
658,0.0007107642245067149,0.019562076940920176,0.009653351103228307,0.04368862506489855
659,0.0008857616619096357,0.02153279795398298,0.010209014606502743,0.05007968321523545
660,0.0009803259583672968,0.021668454445708918,0.009562000736750011,0.04469983397068892
661,0.0008980328263011756,0.020521818519568986,0.009363176764506546,0.0468325160893003
662,0.0008011220370385825,0.018630915003805634,0.009696707634345337,0.04383808164971151
663,0.0009101971097343924,0.02080197511149193,0.009200178289362055,0.046692526709573676
664,0.0010482281775161318,0.022401475911049226,0.009658961856774662,0.0461492809603099
665,0.0008291970394250899,0.020688256975054782,0.009458932324071323,0.04433850416309609
666,0.0007019055795174472,0.019864873144008324,0.009617361090222393,0.042595559771596125
667,0.0006045331207647904,0.018451364602214772,0.009541182043734029,0.044065613532312406
668,0.0006272889304593898,0.01884299187001674,0.009274100464789449,0.04364432697829379
669,0.000991802290453306,0.023482783718087086,0.009527108150684577,0.046381141741530914
670,0.001002058844444853,0.023712476689531553,0.010014840131064007,0.0472104289871982
671,0.0007410332778832788,0.020991630766263928,0.009699531325221564,0.04321165673034078
672,0.0007302490775092607,0.02041507711173277,0.0096803922878982,0.042674873548315506
673,0.0005756472299131588,0.01793255227797105,0.009776543721400853,0.04475067113968809
674,0.0006305868966319426,0.019152322575490394,0.009665282621487999,0.042879188217785226
675,0.0006170401583699219,0.018958275472163184,0.009619498423299165,0.04390277728915927
676,0.0006837964396739539,0.018955793645085015,0.010307252137693599,0.04843999705460005
677,0.0009915702308488307,0.02274171210772351,0.01004436271382007,0.04978273932592886
678,0.000942190579187838,0.021231938648398826,0.009752591480518703,0.043692576794569934
679,0.0007896395298643818,0.019791190417355144,0.00945121677891371,0.041552073215496144
680,0.0008027479102514927,0.019750133386209814,0.010724776111455156,0.04947628888429539
681,0.0011761098832717152,0.02443592243900249,0.009923079879706576,0.04205714551846273
682,0.0008882344950647524,0.020578800494241278,0.010073833450339107,0.0449247794759008
683,0.0008718756905750255,0.020627786697074643,0.010051127581612805,0.04456502925007645
684,0.0009947055162774878,0.021738930220118732,0.009690893719621339,0.04095778495502304
685,0.0006276425951507169,0.018793904456721754,0.009714902494464925,0.04468531635049113
686,0.0006305123757555813,0.01881479380843819,0.0098953018274051,0.046095438052670974
687,0.0006018170516800185,0.017752539731807373,0.009991559275870638,0.05038167442165271
688,0.000708768005554906,0.019615766751915873,0.010245641431427727,0.0478193198878567
689,0.000671711296458897,0.01920620609020475,0.009484021188003263,0.045459583830665076
690,0.000619729454745262,0.01838415161958378,0.009350194602330568,0.04312271850830119
691,0.0005383594579620822,0.017470188234740894,0.009877011064583682,0.05074921299919429
692,0.0006081036850470325,0.01816470315600902,0.009640168332854474,0.04566198875970778
693,0.0007731815126386712,0.020511675758769565,0.010767676810633304,0.054371090139434884
694,0.0009147219381522366,0.022385957339556693,0.009743380049948765,0.0478847677647938
695,0.0006712051944955387,0.01958337897440519,0.009448823708755565,0.04369685720573425
696,0.0008606994728828597,0.02171862030336725,0.009228396603796128,0.042201581619991546
697,0.0007395734491435388,0.01979477141996764,0.009504711724380674,0.04676243284639297
698,0.0007560688091415443,0.01988388667490509,0.010705847301232562,0.05679206056586107
699,0.0007594539340078884,0.02067920806731436,0.009808124866870792,0.050621778879765905
700,0.0006081498376781789,0.018622000684344164,0.009025451979139038,0.04171910849619922
701,0.0006241604910180141,0.01882083901536942,0.009279857776689281,0.04654816383903665
702,0.0004810738534257979,0.016496387266398772,0.009015833848954817,0.0406335499066817
703,0.00045306126825769963,0.01594000788292401,0.009323943736682211,0.04109699748322926
704,0.0004795963377638871,0.016480799361148202,0.009344560568691887,0.04252650454389473
705,0.0005352719890504088,0.017252575554279784,0.009206082652910274,0.04094335782234919
706,0.0004744993079026126,0.01639120575782603,0.008902904963791614,0.04059000386937943
707,0.00070601955801928,0.020248082438929428,0.008857309220066332,0.03959687085724084
708,0.0007547770921456301,0.019863661996764898,0.009213748295796,0.0406819432043045
709,0.0010379597172038367,0.018997721658456434,0.010394386469352625,0.05484658025411534
710,0.002893772324648931,0.033116029385220694,0.009800850041918881,0.04539864362783564
711,0.0009516189683071983,0.022543700334173886,0.009606292470024938,0.043858234652726306
712,0.0007210890403228189,0.019010722810357636,0.010253743848539302,0.051034770543762424
713,0.0010148386612710233,0.023905501370060676,0.009127787579941659,0.0409272198162119
714,0.0006568010976319373,0.019094992923279475,0.009016634510159249,0.04005903686107921
715,0.000581511159098483,0.018013535099041474,0.009189315960276619,0.042429583724881564
716,0.0005221333372823655,0.016973690058711143,0.009072166183985677,0.0415003110625817
717,0.00042439477323964655,0.01548175723205027,0.009137242156020702,0.042648733779180964
718,0.0005384796667069956,0.017625755377930426,0.00913343749842255,0.041007390882190575
719,0.00046849822792852526,0.01632719260425862,0.010319964144994049,0.05230645145381164
720,0.0004520045778274689,0.01584391379593023,0.008952843773647705,0.0404029917467683
721,0.000425640556855904,0.015534855195292385,0.009079715954863236,0.040553732669423095
722,0.0005227783899390069,0.017285063089173974,0.009377557433745028,0.04338472999029351
723,0.0006244088102224994,0.018848213834563553,0.009065496610322767,0.04094868046289744
724,0.000582488219927719,0.01857933245945632,0.010189793595845879,0.049532672680716094
725,0.000835810354292174,0.021486354879921156,0.008942822854923432,0.04079927846643667
726,0.0016504988706706096,0.022235921177978957,0.009606838528580847,0.0426709512041225
727,0.0010376948173980165,0.019860915801749215,0.009815792187882434,0.046057626295436145
728,0.0011172717173110085,0.023330438884640696,0.009996451188581007,0.05095662701508715
729,0.001037538975046952,0.021419550965640924,0.009676563599547052,0.04862843808403875
730,0.0007949042952725993,0.018135559823190837,0.009188135553936492,0.044421045464756434
731,0.0017403537611708406,0.025362661490131524,0.013729223783448185,0.07583718987698791
732,0.0013589963836302778,0.027207512767498155,0.00922472547261183,0.041249815253201934
733,0.0008588665960439392,0.021292932354947815,0.009949897058279795,0.05053843260782688
734,0.0007751566707275108,0.020612246079119455,0.009211626917878565,0.04378976402748609
735,0.0005993800987186138,0.017820318629898822,0.01077627411667644,0.055049089270723314
736,0.001020799655207184,0.021643896810621944,0.0103102599332359,0.054760018514346843
737,0.003039942380199844,0.030513203075559495,0.009871944992528345,0.04790990001186607
738,0.0010783219976282087,0.023759743480013716,0.009474316694344242,0.04319146027032737
739,0.0006484383834542692,0.01910417066134252,0.009390640035848346,0.04347514991265545
740,0.0005297043814777653,0.017528936730822266,0.00924060353503392,0.04188436411810854
741,0.0005368981265877242,0.017787434318089306,0.009065174713927093,0.04392759894900578
742,0.00045545152690315956,0.01622749367317366,0.009047284211201056,0.042607623379574334
743,0.0005907889617499391,0.018337906804409804,0.009393688278790767,0.04449713223050756
744,0.000582434545620463,0.018741086577920132,0.009797569253901298,0.048382584205922195
745,0.0005852613798842753,0.018463796016661888,0.009568126075423036,0.04459647988492804
746,0.0004963482010286822,0.016885477135575422,0.009605733197666036,0.04524120423155657
747,0.000565634536324464,0.017772644734838715,0.00940139831530941,0.040629852030958445
748,0.0004898083064944364,0.016569246327827494,0.009537162428563952,0.04305351825632329
749,0.0006059979109916316,0.018492055761690742,0.00932988155366866,0.04013409629557231
750,0.00046104225216088624,0.01592791618663637,0.009457109451985987,0.041418785408406336
751,0.0004441198529424364,0.0156970354072651,0.009807464118292156,0.04525563795886436
752,0.0005373530111028799,0.017101675411038453,0.00978746714329955,0.04303416348123667
753,0.00048450594756867287,0.016255563125014305,0.009434942371833671,0.04175935739965979
754,0.0006955284496709581,0.019286566665810086,0.009160372555571557,0.04180313873426996
755,0.000664418760860452,0.01889895645615243,0.009295726135600256,0.04155236616576903
756,0.0006300902720490198,0.01859542983386591,0.00925739967163818,0.04141735881850293
757,0.0005887988006216855,0.017635488937016986,0.010592504338721002,0.05192729720055636
758,0.00046591802045232376,0.016395434796618008,0.009239030255248597,0.04360325198614487
759,0.0005127653790030136,0.017358949409831285,0.009557420426690298,0.04339374693303831
760,0.0006140388166696253,0.018583255958078797,0.009306617173741105,0.042701938049437754
761,0.0005170298741117067,0.01724911635551345,0.009380552732187896,0.041669693760804545
762,0.0006060559151232468,0.01858578530188573,0.009366935329225435,0.04079967089268515
763,0.00046885940967411155,0.01627714055440852,0.009387714716735853,0.04055616565125588
764,0.000709259599085956,0.020362689020443983,0.009640873540324372,0.04141862017630171
765,0.001017546835702297,0.024225671813877955,0.00922818343526401,0.04073339493086259
766,0.0006264268388066435,0.01899919803195842,0.009284977526325552,0.041176404249548326
767,0.0004989276578393741,0.01708700805637021,0.009231724446115329,0.04031795460583074
768,0.00043401998649812695,0.015746523608767382,0.00977481105582387,0.04700153420787023
769,0.0008127327893380598,0.02130738438353888,0.01057968431570765,0.054761970586698384
770,0.0007585984743250806,0.020788025820749793,0.009571401734210628,0.04253502232809225
771,0.0008300123383698105,0.02206611422196784,0.00938248052173241,0.04040929307429639
772,0.0007477919596581096,0.021172018975150923,0.00986900002078954,0.04609619085472087
773,0.0005980237437052507,0.01844619679342782,0.009395189922240232,0.04159966057560031
774,0.0005272204095549398,0.017581690969353293,0.009418546609906302,0.042233458629595336
775,0.0005473345211371438,0.017621314240929876,0.009550084763002672,0.04728134819658019
776,0.000573060631089628,0.017970559144570214,0.010304243911901515,0.05507012051547888
777,0.000773452921016954,0.02027424908276934,0.009188192084736186,0.041019430034983616
778,0.0011345378833013569,0.02195632326267192,0.009847688466403583,0.04964867248596995
779,0.0009021372149180473,0.02082706970918935,0.011488680626351198,0.062233617641578094
780,0.0006937616552961949,0.01995668872624565,0.01007753684545125,0.05359024726287429
781,0.0005408901542132518,0.01796070584843411,0.009254138816187502,0.041149198159065536
782,0.0005551425899497622,0.01810439513104424,0.009024085174984967,0.041442927274608146
783,0.0005426535255746226,0.01792729705379986,0.009601582981451804,0.045009128109939976
784,0.0006078054336341136,0.018843982910688728,0.009336316519093613,0.04208083076646379
785,0.0004966231029134491,0.016560659911654178,0.009372216113122146,0.043376218334309824
786,0.0005572100828491337,0.01757773166079318,0.00919957741480857,0.042229132215851096
787,0.00046288177725485445,0.016184782256976827,0.009524199854261822,0.0420096421686124
788,0.0004929105830735938,0.016790631011982953,0.009350461213273289,0.043381943815124224
789,0.0003907171614852225,0.014519219065839086,0.009375201550472704,0.04597990978094367
790,0.0005114482165587459,0.017592535049233915,0.009803459712489832,0.04857819204839399
791,0.0006493428625202127,0.019561443114441492,0.009260339292382446,0.04366960913339495
792,0.0005332952500813968,0.017718920127710206,0.008980192907765661,0.042785622713716054
793,0.0006429896106136679,0.01986812546022532,0.009205105265279718,0.04308067482533434
794,0.0006102371299519255,0.018216648584337285,0.00919592355115927,0.0397926396702956
795,0.0006166556754083447,0.018092132123862844,0.009356363220438806,0.04191965758314863
796,0.0005476054131520471,0.01754261892823636,0.010213690789923322,0.053512529089099876
797,0.0008748321162360083,0.020093762082900077,0.00929636900636455,0.040687946290069145
798,0.0008992116489659548,0.02054396784043652,0.009905100888246341,0.04736680319327365
799,0.0005238500360544382,0.016872946328436434,0.00940521599928252,0.0423875433341729
800,0.00045733178735563414,0.015459616009612426,0.009737849881035812,0.044027827704393105
801,0.0008178283729256122,0.021603974570277833,0.009679640931143572,0.04252248478973449
802,0.0005670559718480576,0.01781995145241851,0.009317401047373096,0.040026642673531024
803,0.000596168029879643,0.01712568459098809,0.00984671292194185,0.04845579370597275
804,0.0006813555634036201,0.01665175538402636,0.009931163855771181,0.045045941722078986
805,0.0006826216262469905,0.01967320453298468,0.010501066117564146,0.05527341252497394
806,0.0007416953824218432,0.020993184982152725,0.009142135719918948,0.04306704310992695
807,0.00047088149368494664,0.016212176620039973,0.00915434474827664,0.03998146842333495
808,0.000443962346290753,0.015624311505170609,0.009176146538143028,0.041596545004637456
809,0.000649258353529213,0.01941068844334388,0.00958503954102918,0.04630748930426152
810,0.0005545343330773405,0.017584546578812282,0.009229597700066716,0.04364728995804745
811,0.0014045378662752316,0.02039949963400839,0.00916732713986858,0.040506440087837214
812,0.0011678329922903859,0.018915788679784096,0.010152112727500153,0.053667449484954124
813,0.0018695974581478929,0.027558868999324655,0.010751464749174976,0.05160499349568345
814,0.002915231578092653,0.0237999519539923,0.009156087443782933,0.04083339096082902
815,0.0022722973147478913,0.02039245239098395,0.009820248254780728,0.046602665062736776
816,0.0009878341700591926,0.020562951687203856,0.009201397591698985,0.04141064951806402
817,0.0006714495527052391,0.01718397132298948,0.009732082691033497,0.042156553904625596
818,0.000546000643791239,0.015845427446985066,0.009247190088826894,0.04157934388442249
819,0.0005413896085634861,0.01711044304735243,0.009395031125417777,0.0450174960549081
820,0.0005003581200339991,0.01641443033563937,0.01060335708798265,0.051649447613472135
821,0.0008894014955600353,0.022148869670662066,0.00939238405827431,0.043933762616838595
822,0.0006111014284295276,0.018302070419359377,0.010084486975613325,0.04832392594474026
823,0.0008323720775357873,0.021505421753132144,0.009572544239617233,0.04302627311200956
824,0.0004778047723753784,0.016468238290291867,0.009421852989438952,0.0422115296121365
825,0.0004334738715675043,0.015635847549191523,0.009219817324232417,0.042240831909912686
826,0.0004521872396792611,0.016296830635693545,0.0097710144666106,0.04521484835309091
827,0.00040338925445794585,0.015525833238074244,0.009439606949007103,0.041532483734979635
828,0.0004274484723655322,0.015887970046033123,0.009579978740608673,0.04236848588217412
829,0.0003467789228028587,0.014253073350773207,0.009363920114403778,0.04050800876488574
830,0.0004945727225133443,0.015668005148131523,0.010342414825264363,0.05468498216107253
831,0.0006268385091405754,0.0189082185056125,0.009179048086650618,0.041435595081753866
832,0.0007987870006745572,0.019103118649854228,0.010229345304321848,0.04968759117649017
833,0.0006503360239696611,0.0175812394969092,0.009427544922658456,0.04146346663737478
834,0.00044331117226999135,0.015484534001750868,0.009574720419494113,0.04272379268452501
835,0.0004927443337971537,0.016110185998949228,0.009525073963606459,0.044385201791943836
836,0.0006054385174161425,0.01850860198996999,0.00952633927446739,0.044075466951457525
837,0.00045116049064170666,0.015478904133085522,0.009632359186869312,0.04669144073787557
838,0.0005021948944851516,0.016667405135163543,0.009435932941143924,0.04534353235699054
839,0.0005741957828691997,0.01842649266551036,0.00993384747637718,0.04631693105859351
840,0.0006148401748696813,0.019189117892231624,0.009411468844919474,0.04456907611933174
841,0.0004733438293837026,0.016233440630155617,0.00951176907109387,0.04570162925810545
842,0.0005194658530478008,0.017296759953989715,0.009541003346784139,0.04770880275684682
843,0.0004928228264624928,0.01669221774974859,0.01064306074001668,0.06011889038616584
844,0.0005222490067679238,0.01668994949987107,0.009452556355035318,0.04407184725624268
845,0.0005463263886950848,0.016919598978835725,0.009888645953062207,0.04854546232773259
846,0.0005782459826819525,0.01681686682019207,0.00898444532512372,0.04121683968361599
847,0.0005274396841933342,0.016781812955312177,0.00943312901064616,0.04711911965936568
848,0.0007335641752017714,0.02002628145958757,0.009767413002756029,0.04718303761360504
849,0.0007465371874615823,0.01925654784742456,0.009235555959672206,0.04240096519088564
850,0.00044493082701054746,0.014755006357496539,0.00899199181702241,0.03935385251793118
851,0.0005511829375555947,0.017891824574749835,0.00900704093633593,0.04241415040768857
852,0.0006378675558331571,0.019243654344656892,0.009705775333664571,0.046626438066517124
853,0.0005607584737851037,0.017946553016779866,0.009113411819243612,0.04020789936023002
854,0.0006557823662898302,0.0194760622380192,0.009304391908206932,0.04282349057491547
855,0.0006835811431845192,0.019754135482516335,0.009026327886502828,0.04346627367701885
856,0.0006496395096573113,0.019568454772537346,0.00994703102333796,0.044824273820758063
857,0.0004050607724120151,0.015172698159904694,0.009147599883051766,0.039556823177126554
858,0.00048078002594324466,0.016196815968242427,0.010120978035864413,0.046004469998662464
859,0.0006470035042225509,0.01904652887733459,0.009168805794295638,0.041233417858804196
860,0.0006313975452645175,0.018221675560844117,0.009279267579020648,0.03972720251899741
861,0.00048763717301791924,0.015362573350824903,0.01055477544225728,0.050887278910971154
862,0.0012499949905353282,0.024295738558491934,0.011067365061963206,0.04947913121806416
863,0.002986845870924659,0.02621390376951701,0.011823620378064566,0.0615373020187336
864,0.001277571703919785,0.024337984457192357,0.00932585910096206,0.0419811653878817
865,0.0007448917310741804,0.01917977025653392,0.009474258110436092,0.044797542208015496
866,0.0006142900240268466,0.018113874903939155,0.01008806713072139,0.04648801611128351
867,0.0007032073447614318,0.019278071165302262,0.009133108565128535,0.039813622947638606
868,0.000471915959010108,0.01569406599789848,0.009536463365369537,0.04209639002113223
869,0.0005551793967750686,0.016403378152724926,0.009704243450434165,0.04289601999398226
870,0.0004932247783292198,0.016696517440750513,0.009673922896862742,0.047170084018395814
871,0.0004395778634267678,0.015446529437702188,0.009392180843030885,0.039644478051834686
872,0.00037150382250183983,0.014646795809314458,0.009221599181321798,0.04139441678311629
873,0.0004844116252835323,0.016900377483323625,0.009626653258517255,0.045106879753677304
874,0.00043904478625175715,0.015582251388732562,0.009442546204443757,0.043283068527918286
875,0.0013420962666876046,0.016029467983825513,0.013735996295193627,0.06896201273075334
876,0.009067330492793449,0.0575290040694832,0.009656782288332952,0.05072147108812749
877,0.0030523018248541666,0.033123158231948974,0.01545481607449453,0.07930812637065171
878,0.0017521217691199807,0.025954888485723485,0.009117486724988666,0.042319777961425775
879,0.0011393238912713545,0.01986230199465741,0.009324945019996162,0.04441363422735303
880,0.0007966261488495475,0.018331834807496457,0.010558442662746758,0.05689420413260289
881,0.0006842673349597633,0.01907458090551089,0.009100771397058808,0.040861533684600375
882,0.0005901542010254593,0.017574184403217848,0.009835854073048511,0.049756903029342894
883,0.0009524587035666763,0.023365242829565924,0.009421285357688478,0.04210582064107538
884,0.00050341826106117,0.017090971188188045,0.009515696372897533,0.04192514172241715
885,0.00038476658940656867,0.014687259054847357,0.009586286246432584,0.041326470913882495
886,0.000441925768078563,0.01604968263073355,0.009602504652367864,0.04236415692284857
887,0.000523471163624021,0.017742970632215374,0.009656500710211876,0.04374464252222044
888,0.00039778802295444227,0.015537579999279077,0.00955650716385663,0.043347917551792944
889,0.0003266941352012941,0.013954243779152095,0.009298659618013114,0.039127043750398126
890,0.0005377556024243139,0.018004178116303463,0.009528515285507274,0.04050923681765843
891,0.0003770260583088851,0.014988915022041662,0.009463749991376752,0.042533830654064256
892,0.00038099881084376714,0.01512367131323138,0.009248248006392722,0.03940054268405724
893,0.0006012486114844864,0.018682288335877067,0.009452555843465544,0.04269598781584981
894,0.00048752741439490475,0.016620515133081996,0.009184996107398922,0.04288944933767846
895,0.0004712301056076304,0.015902871279280428,0.009559789682611508,0.04352139857623449
896,0.0005942847538180239,0.017310657498338565,0.009737516724413978,0.04699741540469597
897,0.00039482825726598077,0.014756698403437947,0.009739125000757087,0.04771849636892985
898,0.0004148046359531853,0.015108028725093002,0.009689047305841183,0.04284676646389824
899,0.00038810916008795275,0.014557207674470683,0.009803235388701374,0.04619611882073992
900,0.0002545705538870837,0.011722977383774561,0.009134263807926923,0.040257770592414574
901,0.00021411777748196178,0.010586454077017967,0.009226762108016094,0.04153226892474486
902,0.00021640652135943012,0.010847894946055713,0.009196541711459385,0.040473725468664956
903,0.00018539460400831425,0.01030124194918799,0.009036347734661433,0.03849560765692198
904,0.00017499128155762497,0.009973025353942074,0.009377889397884438,0.0423228970522922
905,0.00018362707174232203,0.009915071331637064,0.009706780475314904,0.04587641146918278
906,0.00016649547222033736,0.00980445222084072,0.009125244278055533,0.040376460798882
907,0.00018236437480089113,0.010213252060269557,0.009049357004597225,0.039071229619865894
908,0.0001699165811979559,0.00986638327180065,0.009190855886977387,0.04082880462360473
909,0.00018010561444110375,0.010127249930065326,0.009123684093507896,0.04019289510906358
910,0.00016676439440859437,0.009912506139653596,0.009078680768321707,0.03947311695027714
911,0.00016643748832906842,0.009603794581978289,0.0089563202580345,0.038634142007259877
912,0.00017577087210221415,0.010064019437931152,0.009102417828665924,0.03959217751150802
913,0.00017022027017323988,0.00995666174578958,0.009137371631421651,0.04037855780546365
914,0.00016692461891067102,0.009794854460404834,0.009084577510808227,0.03961390236950096
915,0.00016357978295975228,0.009787848816244712,0.009195018869039078,0.040918882932192216
916,0.00016440007003140517,0.009835293204285025,0.009468265847565525,0.04254059862630773
917,0.00038730609911630004,0.010197967495977837,0.009020288958983665,0.04069731661332553
918,0.00025337553321733733,0.011249263465915205,0.009258600926944366,0.040782861573452664
919,0.0001841440531609262,0.009853604250288249,0.00971256831022448,0.04443673751661468
920,0.00016149426347665833,0.009484800729429092,0.009000149027619963,0.03913888169400948
921,0.00015477375131621698,0.009396387384537623,0.009329698942419565,0.04225567386711764
922,0.00016760435465243393,0.009753626706486319,0.009298184284832103,0.040737082887317484
923,0.0001770444502567741,0.010159447978490544,0.009117117755384159,0.0399009220035001
924,0.00016203386459573389,0.009597602324047693,0.009098852853331714,0.03976490802856517
925,0.00017279469527532184,0.009745401503473349,0.009104311802626336,0.03925152489837585
926,0.00015290474232855373,0.009439207271214235,0.00908286522151695,0.039424862763209556
927,0.00015922884344545828,0.009786431285453765,0.009062909501939121,0.03897930765580153
928,0.00014921224532163193,0.009342858675914091,0.010061467806001773,0.04783085208347736
929,0.00015525660603948717,0.009638080094989312,0.009001581045032046,0.03817710075739899
930,0.00014178020560777862,0.00910734223321328,0.009229733900428588,0.04150928724870806
931,0.000158364713507378,0.009663438183657792,0.009244783127620728,0.040686933895383824
932,0.00016427580850650146,0.009675815023929335,0.00907896296709264,0.039289019190458935
933,0.00015188339705855344,0.009428616488004159,0.009052222409467216,0.039251391870505394
934,0.00013981588203459188,0.009068198677457043,0.009148643047805311,0.041035734983095325
935,0.00015843333278958534,0.00963250355757735,0.009047868656017805,0.03927048083064933
936,0.00015444026597115265,0.009502398137737624,0.009277021382631312,0.04167450187623598
937,0.0001606242956010292,0.009375638930834287,0.009546272884113416,0.04379232220719976
938,0.00014937612601833352,0.009328071487492977,0.009203496363038265,0.041650910924013254
939,0.00016078095886380147,0.009563085338347922,0.009387994521689064,0.04149780223638807
940,0.00035309686965458723,0.010005646811252758,0.00905057258037916,0.03830908896530018
941,0.0002747639712296799,0.011539502632508733,0.009079128505064135,0.039238916277998755
942,0.00016993428948137044,0.009498125518611176,0.008981087199897424,0.03845714961443175
943,0.00016638452259194476,0.00978684956242634,0.008990340954677234,0.03887763854960007
944,0.00014437430868659884,0.00881666366060204,0.00916816800805431,0.04097084572365723
945,0.00015569906798902422,0.009396255076371455,0.009053493037492054,0.03887510406928889
946,0.000149556987452067,0.009275704932604194,0.008997386363919243,0.039638160416802785
947,0.00014691399328102027,0.008914314260978717,0.008952561253454134,0.03932008013890076
948,0.00015653390528715252,0.009485810865216085,0.00936805052705016,0.04224224213565387
949,0.0001542937415615042,0.009182674422212928,0.00916268672371189,0.041636982326644194
950,0.00015342612626196322,0.009491997383835764,0.009194135542459167,0.04027039363640343
951,0.00016182148060275506,0.009696621534076128,0.008993938200768652,0.03942144056908596
952,0.00013581548703805657,0.008796506571135643,0.00914536830314042,0.03881000674601355
953,0.00014350806241020722,0.00918655999006105,0.009399863027262824,0.04183387411540776
954,0.00015135835326661636,0.009199532646714912,0.009230489602301316,0.040557897439765775
955,0.000151486007086397,0.009109896310950523,0.009159265967295391,0.0395585287408878
956,0.00015804044720798546,0.00957249948191752,0.009286212928629582,0.04114470416189276
957,0.00016001652616098213,0.009570724828264189,0.00919687042128151,0.04024905413146384
958,0.00013667020269926441,0.008918926178268814,0.009256849144845957,0.04039897948770598
959,0.00014085990447204334,0.008881579996075596,0.009336099570383364,0.04050654495040856
960,0.0001584587804451686,0.009602182273935334,0.00937385560533903,0.04252657557734972
961,0.000147476945607125,0.00925442363060619,0.009342576740314655,0.04120410377000869
962,0.00015939868507227896,0.009479535289151733,0.009300687842932061,0.041410921261904356
963,0.00014000851432837086,0.008999299260837914,0.009281318297959754,0.04017440443135098
964,0.00014614040584340257,0.009234318765677312,0.009148646139229675,0.03955192893484505
965,0.0001456196491335859,0.009117222239693464,0.009302166381133502,0.04092119618772748
966,0.00013514131430041458,0.008788359315745458,0.009165589603692058,0.04125844732651336
967,0.000160222348220361,0.0096354524048458,0.009020944252356762,0.03980778875653994
968,0.00014186492187098524,0.009142961793600966,0.009054218338714434,0.038571628920495156
969,0.00014555529900407783,0.009150655633315803,0.009015442735208467,0.03904914573069696
970,0.00014889699195363583,0.009244251303870294,0.009320601729761116,0.04034492233034581
971,0.00013939840792826275,0.008946972244021283,0.009361911893127682,0.04116219031234464
972,0.00013957806213323246,0.009008608135882378,0.010073931090734062,0.04748281740999818
973,0.00014379930423913493,0.00931394923716015,0.009176106929995568,0.03947437502391179
974,0.00015794301636315661,0.009676043321209457,0.009460858353158172,0.041988065123299036
975,0.00014863754528176692,0.009171558392664255,0.009148820959505085,0.03872679022992195
976,0.00014733049329537754,0.009258651112664199,0.011815212594141849,0.057699987091152385
977,0.00015385339491826274,0.009274801784828634,0.009250342007169964,0.03912986385181247
978,0.00014231483467764018,0.009160977581273834,0.009383459360981719,0.04088790976583537
979,0.00016864435621350023,0.009758247402605663,0.009208424089173951,0.04056585067554313
980,0.00014874999866320605,0.009013572055498827,0.009254217172362262,0.041195452059500245
981,0.0001454870136900532,0.009142941717231602,0.009302325884099303,0.041373424491015935
982,0.00014865325688884424,0.009227694253666971,0.009310766970329006,0.041141229593141905
983,0.00013949715488691903,0.009049218029168084,0.00952758770150227,0.04286746489514416
984,0.00013842909076467724,0.00899461702505916,0.009169220968641822,0.04006772799572175
985,0.00014906098753491825,0.009401881913419069,0.009163534500808665,0.04091160201924382
986,0.00014626378274320783,0.009225598609117298,0.00904680042143654,0.04014314758646495
987,0.00013300135092755914,0.008836782142054763,0.009360189050322702,0.041929531832352596
988,0.00016773490674759273,0.009524191983807662,0.00925467376703966,0.04099052091822684
989,0.00013721137319079655,0.008955661750682681,0.009273567914331432,0.040048216463009476
990,0.00014461166599555976,0.00922237900927951,0.009243535741937025,0.039524952782391855
991,0.00013585838327943725,0.008976690649409839,0.00924326234842645,0.04016933925267732
992,0.0001424241992582946,0.00914482818995446,0.009320607961869775,0.04119436760746157
993,0.0007643284575402494,0.009116462373067595,0.00920070855489273,0.04098655895159531
994,0.0004718854169645399,0.012896361937452503,0.009323418378680216,0.041340564488393336
995,0.0003394149024540642,0.00967385122235858,0.009284922716777928,0.03943857552239844
996,0.00027351797061854125,0.010646287402094503,0.009542515770507402,0.0407519492218023
997,0.00016945933584071074,0.00920748575721701,0.009204069772776467,0.03945721283712865
998,0.00014391562551914797,0.008876794116766848,0.00940684090625942,0.04033441005486111
999,0.00014883084626987508,0.00890726378186905,0.009208409319035325,0.039528622934953926
